key,title,authors,journal,issn,volume,issue,pages,year,publisher,url,abstract,doi,keywords,notes
R001,Europe first? The rise of EU industrial policy promoting and protecting the single market,Donato Di Carlo and Luuk Schmitz,,,,,,2023,,https://openalex.org/W4368376507,"Within Europe’s regulatory state, industrial policy has largely remained within national governments’ remit. Yet, a plethora of new supra- and cross-national industrial policy initiatives have recently emerged whereby the Commission proactively engages in pan-European activities to foster innovation and economic development. This article brings the ‘Developmental Network States’ (DNS) literature into dialogue with EU integration scholarship to explain both the timing of EU industrial policy’s rise since the mid-2010s and the variation in forms of EU integration of different industrial policy functions. Our analysis suggests that the Commission increasingly operates four major developmental functions akin to DNSs and aimed at promoting and protecting the single market. Neofunctionalist theories of EU integration explain these momentous shifts. The timing behind the rise of EU industrial policy is best explained as an interplay of functional, cultivated, and political spillovers, driven especially by the Franco-German realignment on pro-EU industrial policy positions since 2016. Variation in the governance forms of integrated EU industrial policy functions is instead explained in terms of the degree of pre-existing integration of extant policies, the low vs high politics nature of the policy domain and the types of externalities attached to the specific policy area.",10.1080/13501763.2023.2202684,eixo: Instrumentos de governo; eixo: Política industrial; papel: obra-ponte; papel: ponte a construir,"Síntese cienciométrica IPEA · fonte: núcleo global · eixos: Instrumentos de governo, Política industrial · papel: obra-ponte, ponte a construir · razão: ponte a construir=top-25 de bridge_priority (score=0.15)"
R002,"Governing the net-zero transition: Strategy, policy, and politics",James Meadowcroft and Daniel Rosenbloom,,,,,,2023,,https://openalex.org/W4388622472,"This paper applies insights from the literature on transitions in major consumption-production systems to clarify the nature of the challenge of moving to a net-zero greenhouse gas (GHG) emission society. It highlights critical features of transitions including their multiactor/multicausal logic, phased development, and distributive impacts. Because current systems are so dependent on fossil energy resources, and on GHG-emitting industrial processes and agricultural practices, multiple transitions across a range of distinct consumption-production systems will be required for net zero. The transformation of each system faces different barriers and enabling conditions and is influenced by varied nonclimate-related disruptions. Important policy implications follow, including the need to focus on sector and regional transitions, link climate policy to other societal goals, and adopt policy mixes appropriate to the transition phase. The article discusses recent policy and politics-related findings from the transitions literatures including those dealing with policy mixes, transition intermediaries, and green industrial policy.",10.1073/pnas.2207727120,eixo: Instrumentos de governo; eixo: Política industrial; papel: obra-ponte; papel: ponte a construir,"Síntese cienciométrica IPEA · fonte: núcleo global · eixos: Instrumentos de governo, Política industrial · papel: obra-ponte, ponte a construir · razão: ponte a construir=top-25 de bridge_priority (score=0.15)"
R003,Perspectivas de uma Nova agenda de Política Industrial: os Desafios da Indústria Brasileira no Pós-Pandemia da Covid-19,Marcia Angela Dahmer Quinzani,,,,,,2021,,https://openalex.org/W3183746153,"This research aims to investigate the importance of industrial policies for the recovery and economic development of Brazil in the post-Covid-19 pandemic. To this end, it starts from theoretical and historical foundations of industrial policy and industrial processes, especially as a development strategy. From this, we seek to evaluate the challenges that the Brazilian industry has faced in recent years until the current situation. Brazil has shown a significant decline in industrial activity in recent decades. As a result, one can see losses in the capacity for innovation and competitiveness, as well as technological and productive dependence of the Brazilian industry. In the same way, with the arrival of the Covid-19 pandemic, the industrial impact has highlighted issues related to insufficient production in several sectors, especially in the health area. The Brazilian industrial policy agenda needs to be focused on the transformation of the industrial structure, with increased productive gains, supported by new technologies and the diversification of sectors and activities that have greater economic value. The dynamics of the industrial sector is an instrument for the long-term development of the country and for overcoming the post-pandemic economic recession.",10.51798/SIJIS.V2I2.51,eixo: Política industrial; papel: corpus Brasil (Faganello); papel: ponte a construir; papel: ponte global×Brasil,"Síntese cienciométrica IPEA · fonte: Brasil · eixos: Política industrial · papel: corpus Brasil (Faganello), ponte a construir, ponte global×Brasil · razão: ponte a construir=top-25 de bridge_priority (score=0.15)"
R004,"Digital Twin: Values, Challenges and Enablers From a Modeling Perspective",Adil Rasheed and Omer San and Trond Kvamsdal,IEEE Access,,,,,2020,,https://openalex.org/W3003667836,"Digital twin can be defined as a virtual representation of a physical asset enabled through data and simulators for real-time prediction, optimization, monitoring, controlling, and improved decision making. Recent advances in computational pipelines, multiphysics solvers, artificial intelligence, big data cybernetics, data processing and management tools bring the promise of digital twins and their impact on society closer to reality. Digital twinning is now an important and emerging trend in many applications. Also referred to as a computational megamodel, device shadow, mirrored system, avatar or a synchronized virtual prototype, there can be no doubt that a digital twin plays a transformative role not only in how we design and operate cyber-physical intelligent systems, but also in how we advance the modularity of multi-disciplinary systems to tackle fundamental barriers not addressed by the current, evolutionary modeling practices. In this work, we review the recent status of methodologies and techniques related to the construction of digital twins mostly from a modeling perspective. Our aim is to provide a detailed coverage of the current challenges and enabling technologies along with recommendations and reflections for various stakeholders.",10.1109/access.2020.2970143,eixo: Cibernética; papel: cibernética organizacional; papel: mais citada; papel: ponte a construir,"Síntese cienciométrica IPEA · fonte: núcleo global · eixos: Cibernética · papel: cibernética organizacional, mais citada, ponte a construir · razão: ponte a construir=top-25 de bridge_priority (score=0.15)"
R005,The entrepreneurial state: debunking public vs. private sector myths,Mariana Mazzucato,,,,,,2014,,https://openalex.org/W1553746973,"Introduction: Thinking Big Again 1. From Crisis Ideology to the Division of Innovative Labour 2. Technology, Innovation and Growth 3. Risk-Taking State: From 'De-risking' to 'Bring It On!' 4. The US Entrepreneurial State 5. The State behind the iPhone 6. Pushing vs. Nudging the Green Industrial Revolution 7. Wind and Solar Power: Government Success Stories and Technology in Crisis 8. Risks and Rewards: From Rotten Apples to Symbiotic Ecosystems 9. Socialization of Risk and Privatization of Rewards: Can the Entrepreneurial State Eat Its Cake Too? 10. Conclusion",10.5860/choice.51-3359,eixo: Cibernética; eixo: Instrumentos de governo; eixo: Política industrial; papel: cibernética organizacional; papel: higher_order_bridge; papel: obra-ponte; papel: obra-semente; papel: ponte a construir; papel: rajada de citação,"Síntese cienciométrica IPEA · fonte: núcleo global · eixos: Cibernética, Instrumentos de governo, Política industrial · papel: cibernética organizacional, higher_order_bridge, obra-ponte, obra-semente, ponte a construir, rajada de citação · razão: higher_order_bridge=top-40 em hiperarestas trans-eixo: 73 (XGI); ponte a construir=top-25 de bridge_priority (score=0.4714)"
R006,Organizational Systems,Raúl Espejo and Alfonso Reyes,,,,,,2011,,https://openalex.org/W4244612406,,10.1007/978-3-642-19109-1,eixo: Cibernética; eixo: Instrumentos de governo; eixo: Política industrial; papel: cibernética organizacional; papel: higher_order_bridge; papel: obra de autor-ponte; papel: obra-ponte; papel: obra-semente; papel: ponte a construir; papel: rajada de citação,"Síntese cienciométrica IPEA · fonte: núcleo global · eixos: Cibernética, Instrumentos de governo, Política industrial · papel: cibernética organizacional, higher_order_bridge, obra de autor-ponte, obra-ponte, obra-semente, ponte a construir, rajada de citação · razão: higher_order_bridge=top-40 em hiperarestas trans-eixo: 48 (XGI); obra de autor-ponte=autor Alfonso Reyes — cross_axis_score=0.631; ponte a construir=top-25 de bridge_priority (score=0.2884)"
R007,The economy needs agent-based modelling,J. Doyne Farmer and Duncan K. Foley,,,,,,2009,,https://openalex.org/W2050032417,,10.1038/460685a,eixo: Economia da complexidade; papel: complexidade (4º eixo); papel: complexidade · modelagem baseada em agentes; papel: ponte a construir,"Síntese cienciométrica IPEA · fonte: núcleo global · eixos: Economia da complexidade · papel: complexidade (4º eixo), complexidade · modelagem baseada em agentes, ponte a construir · razão: ponte a construir=top-25 de bridge_priority (score=0.1513)"
R008,The Tools of Government in the Digital Age,Christopher C. Hood and Helen Margetts,,,,,,2007,,https://openalex.org/W2126563689,Exploring Governments' Toolshed Nodality Authority Treasure Organization Government as a Toolkit Alternative Approaches to the Tools of Government A Changing Mix of Government Tools in the Digital Age,10.1007/978-1-137-06154-6,eixo: Cibernética; eixo: Instrumentos de governo; eixo: Política industrial; papel: cibernética organizacional; papel: higher_order_bridge; papel: obra-ponte; papel: obra-semente; papel: ponte a construir,"Síntese cienciométrica IPEA · fonte: núcleo global · eixos: Cibernética, Instrumentos de governo, Política industrial · papel: cibernética organizacional, higher_order_bridge, obra-ponte, obra-semente, ponte a construir · razão: higher_order_bridge=top-40 em hiperarestas trans-eixo: 110 (XGI); ponte a construir=top-25 de bridge_priority (score=0.5952)"
R009,Industrial Policy for the Twenty-First Century,Rodrik,,,,,,2004,,https://openalex.org/W3124879925,,10.2139/ssrn.617544,eixo: Cibernética; eixo: Instrumentos de governo; eixo: Política industrial; papel: cibernética organizacional; papel: higher_order_bridge; papel: obra-ponte; papel: obra-semente; papel: ponte a construir; papel: ponte global×Brasil; papel: rajada de citação,"Síntese cienciométrica IPEA · fonte: Brasil · eixos: Cibernética, Instrumentos de governo, Política industrial · papel: cibernética organizacional, higher_order_bridge, obra-ponte, obra-semente, ponte a construir, ponte global×Brasil, rajada de citação · razão: higher_order_bridge=top-40 em hiperarestas trans-eixo: 53 (XGI); ponte a construir=top-25 de bridge_priority (score=0.37)"
R010,Economic development as self-discovery,Ricardo Hausmann and Dani Rodrik,,,,,,2003,,https://openalex.org/W2120106358,,10.1016/s0304-3878(03)00124-x,eixo: Política industrial; papel: obra de autor-semente; papel: ponte a construir,"Síntese cienciométrica IPEA · fonte: núcleo global · eixos: Política industrial · papel: obra de autor-semente, ponte a construir · razão: ponte a construir=top-25 de bridge_priority (score=0.4014)"
R011,Embedded Autonomy: States and Industrial Transformation,Evans,,,,,,1995,,https://openalex.org/https://openalex.org/W2912536286,,,eixo: Política industrial; papel: obra-semente; papel: ponte a construir,"Síntese cienciométrica IPEA · fonte: núcleo global · eixos: Política industrial · papel: obra-semente, ponte a construir · razão: ponte a construir=top-25 de bridge_priority (score=0.2448)"
R012,Increasing Returns and Path Dependence in the Economy,W. Brian Arthur,,,,,,1994,,https://openalex.org/W2009202666,,10.3998/mpub.10029,eixo: Economia da complexidade; papel: complexidade (4º eixo); papel: complexidade · retornos crescentes / dependência de trajetória; papel: ponte a construir,"Síntese cienciométrica IPEA · fonte: núcleo global · eixos: Economia da complexidade · papel: complexidade (4º eixo), complexidade · retornos crescentes / dependência de trajetória, ponte a construir · razão: ponte a construir=top-25 de bridge_priority (score=0.4592)"
R013,"Competing Technologies, Increasing Returns, and Lock-In by Historical Events",W. Brian Arthur,,,,,,1989,,https://openalex.org/W2129261459,"This paper examines the dynamics of allocation under increasing returns within a model where agents choose between technologies competing for adoption and where each technology improves as it gains in adoption. It shows that the economy, over time, can become locked-in, by ""random"" historical events, to a technological path that is not necessarily efficient, not possible to predict from usual knowledge of supply and demand functions, and not easy to change by standard tax or subsidy policies. Rational expectations about future agents' technology choices can exacerbate this lock-in tendency. It discusses the implications for economic history, policy, and forecasting. Copyright 1989 by Royal Economic Society.",10.2307/2234208,eixo: Economia da complexidade; papel: complexidade (4º eixo); papel: complexidade · retornos crescentes / dependência de trajetória; papel: ponte a construir,"Síntese cienciométrica IPEA · fonte: núcleo global · eixos: Economia da complexidade · papel: complexidade (4º eixo), complexidade · retornos crescentes / dependência de trajetória, ponte a construir · razão: ponte a construir=top-25 de bridge_priority (score=0.4672)"
R014,Diagnosing the System for Organizations,Beer,,,,,,1985,,https://openalex.org/W2154683088,"Beer is undoubtedly among the world s most provocative, creative, and profound thinkers on the subject of management, and he records his thinking with a flair that is unmatched. His writing is as much art as it is science. He is the most viable system I know. Dr Russell L Ackoff, The Institute for Interactive Management, Pennsylvania, USA. If anyone can make it [Operations Research] understandably readable and positively interesting it is Stafford Beer everyone in management ..should be grateful to him for using clear and at times elegant English and even elegant diagrams. The Economist In Brain of the Firm and The Heart of Enterprise Stafford Beer worked out the scientific laws that govern any viable system. They constitute the basis for this book which is concerned solely with the application of those laws to the understanding of any particular enterprise. In the form of a Handbook or Manager s Guide, Diagnosing the System deals with the fundamental problem of management how to cope with complexity itself. It shows you how to design (or redesign) an enterprise in conformity with the laws of viability, and will help you to diagnose faults in your organizational structure.",,eixo: Cibernética; eixo: Instrumentos de governo; eixo: Política industrial; papel: bela adormecida; papel: cibernética organizacional; papel: higher_order_bridge; papel: obra de autor-ponte; papel: obra-ponte; papel: obra-semente; papel: ponte a construir; papel: rajada de citação,"Síntese cienciométrica IPEA · fonte: núcleo global · eixos: Cibernética, Instrumentos de governo, Política industrial · papel: bela adormecida, cibernética organizacional, higher_order_bridge, obra de autor-ponte, obra-ponte, obra-semente, ponte a construir, rajada de citação · razão: higher_order_bridge=top-40 em hiperarestas trans-eixo: 68 (XGI); obra de autor-ponte=autor John R. Beaumont — cross_axis_score=0.870; ponte a construir=top-25 de bridge_priority (score=0.3148)"
R015,"The Viable System Model: Its Provenance, Development, Methodology and Pathology",Stafford Beer,Journal of the Operational Research Society,,,,,1984,,https://openalex.org/W2025177555,"It took the author 30 years to develop the Viable System Model, which sets out to explain how systems are viable-that is, capable of independent existence. He wanted to elucidate the laws of viability in order to facilitate the management task, and did so in a stream of papers and two (of his seven) books. Much misunderstanding about the V.S.M. and its use seems to exist; especially its methodological foundations have been largely forgotten, while its major results have hardly been noted. This paper reflects on the history, nature and present status of the V.S.M., without seeking once again to expound the model in detail or to demonstrate its validity. It does, however, provide a synopsis, present the methodology and confront some highly contentious issues about both the managerial and scientific paradigms.",10.1057/jors.1984.2,eixo: Cibernética; papel: bela adormecida; papel: cibernética organizacional; papel: higher_order_bridge; papel: mais citada; papel: obra de autor-semente; papel: ponte a construir,"Síntese cienciométrica IPEA · fonte: núcleo global · eixos: Cibernética · papel: bela adormecida, cibernética organizacional, higher_order_bridge, mais citada, obra de autor-semente, ponte a construir · razão: higher_order_bridge=top-40 em hiperarestas trans-eixo: 36 (XGI); ponte a construir=top-25 de bridge_priority (score=0.2725)"
R016,The Tools of Government,Hood,,,,,,1983,,https://openalex.org/W1601629960,"Important shifts are taking place in the nature of public policy-making and government at both the central and local level. Increasing financial pressures, the struggle to maintain public services, the emergence of new areas of concern, such as employment and economic development, and increasing partisanship in local politics, are all creating new strains but at the same time opening up new possibilities.",10.1007/978-1-349-17169-9,eixo: Cibernética; eixo: Instrumentos de governo; eixo: Política industrial; papel: bela adormecida; papel: cibernética organizacional; papel: higher_order_bridge; papel: obra-ponte; papel: obra-semente; papel: ponte a construir,"Síntese cienciométrica IPEA · fonte: núcleo global · eixos: Cibernética, Instrumentos de governo, Política industrial · papel: bela adormecida, cibernética organizacional, higher_order_bridge, obra-ponte, obra-semente, ponte a construir · razão: higher_order_bridge=top-40 em hiperarestas trans-eixo: 152 (XGI); ponte a construir=top-25 de bridge_priority (score=0.6507)"
R017,An Evolutionary Theory of Economic Change.,Brian J. Loasby and Richard R. Nelson and Sidney G. Winter,,,,,,1983,,https://openalex.org/W2137358449,"Journal Article An Evolutionary Theory of Economic Change Get access An Evolutionary Theory of Economic Change. By Richard R. Nelson and Sidney G. Winter. (Cambridge, Massachusetts & London: Harvard University Press, 1982. Pp. xi +437. £17.50.) Brian J. Loasby Brian J. Loasby University of Stirling Search for other works by this author on: Oxford Academic Google Scholar The Economic Journal, Volume 93, Issue 371, 1 September 1983, Pages 652–654, https://doi.org/10.2307/2232409 Published: 01 September 1983",10.2307/2232409,eixo: Economia da complexidade; papel: complexidade (4º eixo); papel: complexidade · economia evolucionária; papel: higher_order_bridge; papel: ponte a construir,"Síntese cienciométrica IPEA · fonte: núcleo global · eixos: Economia da complexidade · papel: complexidade (4º eixo), complexidade · economia evolucionária, higher_order_bridge, ponte a construir · razão: higher_order_bridge=top-40 em hiperarestas trans-eixo: 42 (XGI); ponte a construir=top-25 de bridge_priority (score=0.5054)"
R018,Autopoiesis and Cognition: The Realization of the Living,Humberto R. Maturana and Francisco J. Varela and Stafford Bee,Medical Entomology and Zoology,,,,,1980,,https://openalex.org/https://openalex.org/W1916207017,"Editorial Preface General Table Of Contents Foreword Introduction (by Professor Maturana) Biology Of Cognition Dedication Table of Contents I. Introduction II. The Problem III. Cognitive Function in General A. The Observer B. The Living System C. Evolution D. The Cognitive Process IV. Cognitive Function in Particular A. Nerve Cells B. Architecture C. Function D. Representation E. Description F. Thinking G. Natural Language H. Memory and Learning I. The Observer V. Problems in the Neurophysiology of Cognition VI. Conclusions VII. Post Scriptum Autopoiesis: The Organization Of The Living Preface (by Sir Stafford Beer) Introduction I. On Machines, living and Otherwise 1. Machines 2. Living Machines II. Dispensability of Teleonomy 1. Purposelessness 2. Individuality III. Embodiments of Autopoiesis 1. Descriptive and Causal Notions 2. Molecular Embodiments 3. Origin IV. Diversity of Autopoiesis 1. Subordination to the Condition of Unity 2. Plasticity of Ontogeny 3. Reproduction, a Complication of the Unity 4. Evolution, a Historical Network 5. Second and Third Order Autopoietic Systems V. Presence of Autopoiesis 1. Biological Implications 2. Epistemological Implications 3. Cognitive Implications Appendix: The Nervous System Glossary Bibliography Index Of Names",,eixo: Cibernética; eixo: Política industrial; papel: bela adormecida; papel: cibernética (geral); papel: higher_order_bridge; papel: mais citada; papel: obra de autor-semente; papel: obra-semente; papel: ponte a construir,"Síntese cienciométrica IPEA · fonte: núcleo global · eixos: Cibernética, Política industrial · papel: bela adormecida, cibernética (geral), higher_order_bridge, mais citada, obra de autor-semente, obra-semente, ponte a construir · razão: higher_order_bridge=top-40 em hiperarestas trans-eixo: 21 (XGI); ponte a construir=top-25 de bridge_priority (score=0.3277)"
R019,The Heart of Enterprise,Stafford Beer,,,,,,1980,,https://openalex.org/W1566478880,"Beer is undoubtedly among the world's most provocative, creative, and profound thinkers on the subject of management, and he records his thinking with a flair that is unmatched. His writing is as much art as it is science. He is the most viable system know. Dr Russell L Ackoff, The Institute for Interactive Management, Pennsylvania, USA. If.anyone can make it [Operations Research] understandably readable and positively interesting it is Stafford Beer.everyone in management. should be grateful to him for using clear and at times elegant English and . even elegant diagrams. The Economist This is the companion volume to Brain of the Firm and addresses the nature of viable systems, those capable of surviving. It does not use the neurophysiological basis elucidated in brain, but develops the same theory from first principles. This book declares that every enterprise is a system, and in particular must be a viable system. Viability is not just a matter of economic solvency; we need laws that govern the capacity of any enterprise to maintain independent existence. The Heart of Enterprise is full of examples (actual, author-generated examples) taken from management practice. I consistently find that Stafford Beer provides the most useful analytical framework for understanding and managing an enterprise--public or private. Heart of The Enterprise offers a demanding but rewarding exposition of his approach and applications. Sir Douglas Hague. CBE",10.1057/jors.1980.155,eixo: Cibernética; eixo: Instrumentos de governo; eixo: Política industrial; papel: bela adormecida; papel: cibernética organizacional; papel: higher_order_bridge; papel: obra-ponte; papel: obra-semente; papel: ponte a construir; papel: rajada de citação,"Síntese cienciométrica IPEA · fonte: núcleo global · eixos: Cibernética, Instrumentos de governo, Política industrial · papel: bela adormecida, cibernética organizacional, higher_order_bridge, obra-ponte, obra-semente, ponte a construir, rajada de citação · razão: higher_order_bridge=top-40 em hiperarestas trans-eixo: 100 (XGI); ponte a construir=top-25 de bridge_priority (score=0.582)"
R020,Brain of the Firm: The Managerial Cybernetics of Organization,William L. Casey and Stafford Beer,,,,,,1974,,https://openalex.org/W2048086870,"Beer is undoubtedly among the world's most provocative, creative, and profound thinkers on the subject of management, and he records his thinking with a flair that is unmatched. His writing is as much art as it is science. He is the most viable system I know. Dr Russell L Ackoff, The Institute for Interactive Management, Pennsylvania, USA. If . anyone can make it [Operations Research] understandably readable and positively interesting it is Stafford Beer . everyone in management . should be grateful to him for using clear and at times elegant English and . even elegant diagrams. The Economist This is the second edition of a book which has already become a management 'standard' both in universities and on the bookshelves of managers and their advisers. Brain of the Firm develops an account of the firm based upon insights derived from the study of the human nervous system, and is a basic text from the author's theory of viable systems. Despite the neurophysiology, the book is written for managers to understand. The companion volume to this book is The Heart of Enterprise, which is intended to support and complement this text. Beer's works represent required reading for everyone who believes that a capacity for rigorous thinking is an essential attribute of today's successful managers and administrators. Brain of the Firm shows a first-rate intellect at work and provides concepts, models and inspiration for both practitioners and teachers. Sir Douglas Hague, CBE",10.2307/3102789,eixo: Cibernética; eixo: Instrumentos de governo; eixo: Política industrial; papel: bela adormecida; papel: cibernética organizacional; papel: higher_order_bridge; papel: obra de autor-semente; papel: obra-ponte; papel: obra-semente; papel: ponte a construir; papel: rajada de citação,"Síntese cienciométrica IPEA · fonte: núcleo global · eixos: Cibernética, Instrumentos de governo, Política industrial · papel: bela adormecida, cibernética organizacional, higher_order_bridge, obra de autor-semente, obra-ponte, obra-semente, ponte a construir, rajada de citação · razão: higher_order_bridge=top-40 em hiperarestas trans-eixo: 82 (XGI); ponte a construir=top-25 de bridge_priority (score=0.6333)"
R021,Wholes and Parts,Lange & Boulding,,,,,,1966,,https://openalex.org/https://openalex.org/W2063282131,,,eixo: Política industrial; papel: obra-semente; papel: ponte a construir,"Síntese cienciométrica IPEA · fonte: núcleo global · eixos: Política industrial · papel: obra-semente, ponte a construir · razão: ponte a construir=top-25 de bridge_priority (score=0.3132)"
R022,An Introduction to Cybernetics,J. H. Clark and W. Ross Ashby,,,,,,1957,,https://openalex.org/W2111030512,"Many workers in the biological sciencesphysiologists, psycholo- gists, sociologistsare interested in cybernetics and would like to apply its methods and techniques to their own speciality. Many have, however, been prevented from taking up the subject by an impression that its use must be preceded by a long study of elec- tronics and advanced pure mathematics; for they have formed the impression that cybernetics and these subjects are inseparable.",10.2307/3006723,eixo: Cibernética; eixo: Instrumentos de governo; eixo: Política industrial; papel: bela adormecida; papel: cibernética (geral); papel: higher_order_bridge; papel: obra de autor-semente; papel: obra-ponte; papel: ponte a construir; papel: rajada de citação,"Síntese cienciométrica IPEA · fonte: núcleo global · eixos: Cibernética, Instrumentos de governo, Política industrial · papel: bela adormecida, cibernética (geral), higher_order_bridge, obra de autor-semente, obra-ponte, ponte a construir, rajada de citação · razão: higher_order_bridge=top-40 em hiperarestas trans-eixo: 71 (XGI); ponte a construir=top-25 de bridge_priority (score=0.6187)"
R023,Cybernetics or Control and Communication in the Animal and the Machine,Wiener,,,,,,1948,,https://openalex.org/https://openalex.org/W1527571715,,,eixo: Política industrial; papel: higher_order_bridge; papel: obra-semente; papel: ponte a construir,"Síntese cienciométrica IPEA · fonte: núcleo global · eixos: Política industrial · papel: higher_order_bridge, obra-semente, ponte a construir · razão: higher_order_bridge=top-40 em hiperarestas trans-eixo: 23 (XGI); ponte a construir=top-25 de bridge_priority (score=0.3304)"
R024,On the Economic Theory of Socialism,Lange,,,,,,1938,,https://openalex.org/https://openalex.org/W3130930004,,,eixo: Política industrial; papel: higher_order_bridge; papel: obra de autor-ponte; papel: obra-semente; papel: ponte a construir,"Síntese cienciométrica IPEA · fonte: núcleo global · eixos: Política industrial · papel: higher_order_bridge, obra de autor-ponte, obra-semente, ponte a construir · razão: higher_order_bridge=top-40 em hiperarestas trans-eixo: 65 (XGI); obra de autor-ponte=autor Fred M. Taylor — cross_axis_score=0.631; ponte a construir=top-25 de bridge_priority (score=0.2358)"
R025,"Systems Thinking, Systems Practice",Checkland,,,,,,1981,,https://openalex.org/W1492856410,"Whether by design, accident or merely synchronicity, Checkland appears to have developed a habit of writing seminal publications near the start of each decade which establish the basis and framework for systems methodology research for that decade.ii Hamish Rennie, Journal of the Operational Research Society, 1992 Thirty years ago Peter Checkland set out to test whether the Systems Engineering (SE) approach, highly successful in technical problems, could be used by managers coping with the unfolding complexities of organizational life. The straightforward transfer of SE to the broader situations of management was not possible, but by insisting on a combination of systems thinking strongly linked to real-world practice Checkland and his collaborators developed an alternative approach - Soft Systems Methodology (SSM) - which enables managers of all kinds and at any level to deal with the subtleties and confusions of the situations they face. This work established the now accepted distinction between hard systems thinking, in which parts of the world are taken to be systems which can be engineered, and soft systems thinking in which the focus is on making sure the process of inquiry into real-world complexity is itself a system for learning. Systems Thinking, Systems Practice (1981) and Soft Systems Methodology in Action (1990) together with an earlier paper Towards a Systems-based Methodology for Real-World Problem Solving (1972) have long been recognized as classics in the field. Now Peter Checkland has looked back over the three decades of SSM development, brought the account of it up to date, and reflected on the whole evolutionary process which has produced a mature SSM. SSM: A 30-Year Retrospective, here included with Systems Thinking, Systems Practice closes a chapter on what is undoubtedly the most significant single research programme on the use of systems ideas in problem solving. Now retired from full-time university work, Peter Checkland continues his research as a Leverhulme Emeritus Fellow.",,papel: higher_order_bridge; papel: ponte a construir; papel: rajada de citação,"Síntese cienciométrica IPEA · fonte: núcleo global · papel: higher_order_bridge, ponte a construir, rajada de citação · razão: higher_order_bridge=top-40 em hiperarestas trans-eixo: 55 (XGI); ponte a construir=top-25 de bridge_priority (score=0.3726)"
