grupo;n_termos;usos_DIEST;usos_DISET;equilibrio;termos_principais
G1;15;11;34;0.489;inteligencia artificial · internet · desenvolvimento economico · banda larga · brics · acesso a internet
G2;13;17;45;0.548;mercado de trabalho · administracao publica · covid-19 · plataformas digitais · trabalho · automacao
G3;11;3;88;0.066;telecomunicacoes · ciencia e tecnologia · pesquisa e desenvolvimento · industria · energia eletrica · economia
G4;10;7;19;0.538;tecnologia da informacao · indice de custo da tecnologia da informacao (icti) · indices amplos de precos · atividade economica · condicoes economicas. pesquisa economica. sistemas economicos · bibliotecarios
G5;7;0;1;0.0;trabalhadores · residuos solidos · inclusao social · aspectos sociais · indicadores sociais · reciclagem de materiais
G6;6;2;32;0.118;tecnologia das comunicacoes · transformacao digital · internet das coisas · industria 4.0 · tecnologia 5g · regulacao
G7;4;1;17;0.111;desenvolvimento sustentavel · tecnologia · infraestrutura · produtividade
G8;3;3;4;0.857;cooperacao internacional · ocde · economia digital
G9;2;13;13;1.0;politicas publicas · participacao social
G10;2;3;0;0.0;dados abertos · governo
G11;2;0;0;0.0;social protection · digitalisation
G12;2;0;2;0.0;inovacoes · politica de inovacao
